{"name":"ccc902d2-a20b-4e2f-8102-c1f68b40edd2","id":"/providers/Microsoft.Flow/flows/ccc902d2-a20b-4e2f-8102-c1f68b40edd2","type":"Microsoft.Flow/flows","properties":{"apiId":"/providers/Microsoft.PowerApps/apis/shared_logicflows","displayName":"Envio de Resultado OTD,OTS e SEQ","definition":{"metadata":{"workflowEntityId":null,"processAdvisorMetadata":null,"flowChargedByPaygo":null,"flowclientsuspensionreason":"None","flowclientsuspensiontime":null,"flowclientsuspensionreasondetails":null,"creator":{"id":"c534b1ac-58ec-44eb-9f15-0b38d8771b5f","type":"User","tenantId":"72b5f416-8f41-4c88-a6a0-bb4b91383888"},"provisioningMethod":"FromDefinition","failureAlertSubscription":true,"clientLastModifiedTime":"2024-06-15T16:40:09.3567983Z","connectionKeySavedTimeKey":"2024-06-15T16:39:54.8752601Z"},"$schema":"https://schema.management.azure.com/providers/Microsoft.Logic/schemas/2016-06-01/workflowdefinition.json#","contentVersion":"1.0.0.0","parameters":{"$authentication":{"defaultValue":{},"type":"SecureObject"},"$connections":{"defaultValue":{},"type":"Object"}},"triggers":{"Quando_um_novo_email_é_recebido_(V3)":{"splitOn":"@triggerOutputs()?['body/value']","metadata":{"Id::AAMkAGM1YjIwOTg5LTZlMzMtNDJmNS04ZjJmLTY0ZjNhMzE5NDRhMAAuAAAAAACHUxfHV6IlT6MuOp71xQxQAQC8oCEZUgZ3TaLu1Q-o6BOFAAACb9H6AAA=":"POWER BI","operationMetadataId":"5a2be93b-c428-4c64-b8e0-c97196a1c9db"},"type":"OpenApiConnectionNotification","inputs":{"parameters":{"includeAttachments":false,"subjectFilter":"Desvios Improcedentes (%)","importance":"Any","fetchOnlyWithAttachment":false,"folderPath":"Id::AAMkAGM1YjIwOTg5LTZlMzMtNDJmNS04ZjJmLTY0ZjNhMzE5NDRhMAAuAAAAAACHUxfHV6IlT6MuOp71xQxQAQC8oCEZUgZ3TaLu1Q-o6BOFAAACb9H6AAA="},"host":{"apiId":"/providers/Microsoft.PowerApps/apis/shared_office365","connectionName":"shared_office365","operationId":"OnNewEmailV3"},"authentication":"@parameters('$authentication')"}}},"actions":{"For_each":{"foreach":"@triggerOutputs()?['body/attachments']","actions":{"Obter_Anexo_(V2)":{"metadata":{"operationMetadataId":"366ebbe3-ca12-4d70-bf1c-7ae8f4d6da49"},"type":"OpenApiConnection","inputs":{"parameters":{"messageId":"@triggerOutputs()?['body/id']","attachmentId":"@item()?['id']"},"host":{"apiId":"/providers/Microsoft.PowerApps/apis/shared_office365","connectionName":"shared_office365","operationId":"GetAttachment_V2"},"authentication":"@parameters('$authentication')"}},"Atualizar_arquivo":{"runAfter":{"Obter_Anexo_(V2)":["Succeeded"]},"metadata":{"b!5cXTCBk4mkWMpNFiRpNTxEOJG2quvBhGkniNlFZKXjnLaU5euePFT7J41nVCmtGO.01JNJUOOUYVAEAAE5VS5HJJ3PDVCQZF3NR":"/Área de Trabalho/Print/OTD OTS e Sequenciamento (Outbound) - (Ranking).png","operationMetadataId":"60ccd073-ad9c-42b3-a8dd-b0230fa96ea5"},"type":"OpenApiConnection","inputs":{"parameters":{"id":"b!5cXTCBk4mkWMpNFiRpNTxEOJG2quvBhGkniNlFZKXjnLaU5euePFT7J41nVCmtGO.01JNJUOOUYVAEAAE5VS5HJJ3PDVCQZF3NR","body":"@outputs('Obter_Anexo_(V2)')?['body/contentBytes']"},"host":{"apiId":"/providers/Microsoft.PowerApps/apis/shared_onedriveforbusiness","connectionName":"shared_onedriveforbusiness","operationId":"UpdateFile"},"authentication":"@parameters('$authentication')"},"runtimeConfiguration":{"contentTransfer":{"transferMode":"Chunked"}}}},"runAfter":{},"metadata":{"operationMetadataId":"dea37644-d5a7-4d9e-9e50-9f707afcf0d3"},"type":"Foreach"},"Obter_conteúdo_de_arquivo_usando_caminho":{"runAfter":{"For_each":["Succeeded"]},"metadata":{"operationMetadataId":"82fbdb91-627e-4f40-be7a-3bee227a834e"},"type":"OpenApiConnection","inputs":{"parameters":{"path":"/Área de Trabalho/Print/OTD OTS e Sequenciamento (Outbound) - (Ranking).png","inferContentType":true},"host":{"apiId":"/providers/Microsoft.PowerApps/apis/shared_onedriveforbusiness","connectionName":"shared_onedriveforbusiness","operationId":"GetFileContentByPath"},"authentication":"@parameters('$authentication')"}},"Inicializar_variável":{"runAfter":{"Obter_conteúdo_de_arquivo_usando_caminho":["Succeeded"]},"metadata":{"operationMetadataId":"cc5ce438-fc50-46ea-91b8-e19d7563689b"},"type":"InitializeVariable","inputs":{"variables":[{"name":"ImagemURL","type":"string","value":"@{outputs('Obter_conteúdo_de_arquivo_usando_caminho')?['body'].$content}"}]}},"Enviar_um_email_(V2)":{"runAfter":{"Inicializar_variável":["Succeeded"]},"metadata":{"operationMetadataId":"f511a81b-e54b-47b2-83b9-21504168e801"},"type":"OpenApiConnection","inputs":{"parameters":{"emailMessage/To":"jose.vcarvalho@ipiranga.ipiranga","emailMessage/Subject":"Performance Semanal - OTD, OTS e Sequenciamento - @{formatDateTime(utcNow(), 'dd/mm/yyyy')}","emailMessage/Body":"\n    \n        <p>\n                     Com a aderência ao processo de contestação é possível, <b>contestar os desvios improcedentes.<b> Com isso, traçamos planos de ação para os nossos ofensores e alavancamos nossa pontuação dos indicadores do MOVER.\n        </b></b></p><b><b>\n        <p>\n              <b>Obs:<b> Se a filial obter 100% na coluna <b>\"Contestado\"<b> significa que ela contestou todos os desvios.<b> E os não contestados tornam-se procedentes, ou seja, por causas inerentes ao transportador.<b>\n        </b></b></b></b></b></b></p><b><b><b>\n                     <p style=\"text-align:center\"><img alt=\"base64 test\" src=\"data:image/jpeg;base64,@{variables('ImagemURL')}\"></p>\n          \n</b></b></b></b></b>","emailMessage/Importance":"Normal"},"host":{"apiId":"/providers/Microsoft.PowerApps/apis/shared_office365","connectionName":"shared_office365","operationId":"SendEmailV2"},"authentication":"@parameters('$authentication')"}}},"outputs":{}},"connectionReferences":{"shared_office365":{"connectionName":"shared-office365-c09379d7-0754-4668-bc8f-cedd35f8c031","source":"Embedded","id":"/providers/Microsoft.PowerApps/apis/shared_office365","tier":"NotSpecified"},"shared_onedriveforbusiness":{"connectionName":"08c417b4444940d388a6a143c4417872","source":"Embedded","id":"/providers/Microsoft.PowerApps/apis/shared_onedriveforbusiness","tier":"NotSpecified"}},"flowFailureAlertSubscribed":false,"isManaged":false}}